<?xml version="1.0" encoding="UTF-8"?>
<!DOCTYPE configuration PUBLIC "-//mybatis.org//DTD Config 3.0//EN" "http://mybatis.org/dtd/mybatis-3-config.dtd">

<configuration>
    <settings>
        <!--cacheEnabled: 설정에서 각 매퍼에 설정된 캐시를 전역적으로 사용할지 말지에 대한 여부-->
        <!--callSettersOnNulls: 가져온 값이 null일때 setter나 맵의 put 메소드를 호출할지를 명시 Map.keySet() 이나 null값을 초기화할때 유용하다. int, boolean 등과 같은 원시타입은 null을 설정할 수 없다는 점은 알아두면 좋다.-->
        <!--useGeneratedKeys: 생성키에 대한 JDBC 지원을 허용. 지원하는 드라이버가 필요하다. true로 설정하면 생성키를 강제로 생성한다. 일부 드라이버(예를들면, Derby)에서는 이 설정을 무시한다.-->
        <!--defaultExecutorType: 디폴트 실행자(executor) 설정. SIMPLE 실행자는 특별히 하는 것이 없다. REUSE 실행자는 PreparedStatement를 재사용한다. BATCH 실행자는 구문을 재사용하고 수정을 배치처리한다.-->
        <setting name="cacheEnabled" value="false" />
        <setting name="callSettersOnNulls" value="true" />
        <setting name="useGeneratedKeys" value="true" />
        <setting name="defaultExecutorType" value="REUSE" />
        <setting name="jdbcTypeForNull" value="VARCHAR" />
        <setting name="mapUnderscoreToCamelCase" value="true"/>
    </settings>

<!--    mybatis.configuration.cache-enabled=false-->
<!--    mybatis.configuration.call-setters-on-nulls=true-->
<!--    mybatis.configuration.use-generated-keys=true-->
<!--    mybatis.configuration.default-executor-type=reuse-->
<!--    mybatis.configuration.jdbc-type-for-null=varchar-->
<!--    mybatis.configuration.map-underscore-to-camel-case=true-->

    <typeAliases>
<!--        <typeAlias alias="TB_ACCESS_HIST"                   type="com.lexus.dcc.model.TB_ACCESS_HIST" />-->
    </typeAliases>
</configuration>