<?xml version="1.0" encoding="UTF-8"?>
<!DOCTYPE generatorConfiguration
        PUBLIC "-//mybatis.org//DTD MyBatis Generator Configuration 1.0//EN"
        "http://mybatis.org/dtd/mybatis-generator-config_1_0.dtd">

<generatorConfiguration>
    <context id="Mysql" targetRuntime="MyBatis3" defaultModelType="flat">

        <property name="autoDelimitKeywords" value="true"/>
        <property name="beginningDelimiter" value="`"/>
        <property name="endingDelimiter" value="`"/>

        <!--覆盖生成XML文件-->
        <plugin type="org.mybatis.generator.plugins.UnmergeableXmlMappersPlugin" />
        <!-- 生成的实体类添加toString()方法 -->
        <plugin type="org.mybatis.generator.plugins.ToStringPlugin" />

        <!-- 不生成注释 -->
        <commentGenerator>
            <property name="suppressAllComments" value="true"/>
        </commentGenerator>

        <jdbcConnection driverClass="com.mysql.jdbc.Driver"
                        connectionURL="jdbc:mysql://localhost:3306/business"
                        userId="root"
                        password="root">
        </jdbcConnection>

        <!-- domain类的位置 -->
        <javaModelGenerator targetProject="src\main\java"
                            targetPackage="online.buza.blog.entity"/>

        <!-- mapper xml的位置 -->
        <sqlMapGenerator targetProject="src\main\resources"
                         targetPackage="mapper"/>

        <!-- mapper类的位置 -->
        <javaClientGenerator targetProject="src\main\java"
                             targetPackage="online.buza.blog.dao"
                             type="XMLMAPPER" />
<!--        <table tableName="tb_access_hist" domainObjectName="TbAccessHist" enableCountByExample="false" enableUpdateByExample="false" enableDeleteByExample="false" enableSelectByExample="false" selectByExampleQueryId="false" />-->
<!--        <table tableName="tb_post" domainObjectName="TbPost" enableCountByExample="false" enableUpdateByExample="false" enableDeleteByExample="false" enableSelectByExample="false" selectByExampleQueryId="false" />-->
<!--        <table tableName="tb_classification" domainObjectName="TbClassification" enableCountByExample="false" enableUpdateByExample="false" enableDeleteByExample="false" enableSelectByExample="false" selectByExampleQueryId="false" />-->
<!--        <table tableName="tb_common_code" domainObjectName="TbCommonCode" enableCountByExample="false" enableUpdateByExample="false" enableDeleteByExample="false" enableSelectByExample="false" selectByExampleQueryId="false" />-->
<!--        <table tableName="tb_file_list" domainObjectName="TbFileList" enableCountByExample="false" enableUpdateByExample="false" enableDeleteByExample="false" enableSelectByExample="false" selectByExampleQueryId="false" />-->
<!--        <table tableName="tb_blog_category" domainObjectName="TbBlogCategory" enableCountByExample="false" enableUpdateByExample="false" enableDeleteByExample="false" enableSelectByExample="false" selectByExampleQueryId="false" />-->
<!--        <table tableName="tb_tag" domainObjectName="TbTag" enableCountByExample="false" enableUpdateByExample="false" enableDeleteByExample="false" enableSelectByExample="false" selectByExampleQueryId="false" />-->
<!--        <table tableName="tb_post_tag" domainObjectName="TbPostTag" enableCountByExample="false" enableUpdateByExample="false" enableDeleteByExample="false" enableSelectByExample="false" selectByExampleQueryId="false" />-->
<!--        <table tableName="tb_base_date" domainObjectName="TbBaseDate" enableCountByExample="false" enableUpdateByExample="false" enableDeleteByExample="false" enableSelectByExample="false" selectByExampleQueryId="false" />-->
<!--        <table tableName="tb_spu" domainObjectName="TbSpu" enableCountByExample="false" enableUpdateByExample="false" enableDeleteByExample="false" enableSelectByExample="false" selectByExampleQueryId="false" />-->
<!--        <table tableName="tb_spu_attribute" domainObjectName="TbSpuAttribute" enableCountByExample="false" enableUpdateByExample="false" enableDeleteByExample="false" enableSelectByExample="false" selectByExampleQueryId="false" />-->
<!--        <table tableName="tb_sku" domainObjectName="TbSku" enableCountByExample="false" enableUpdateByExample="false" enableDeleteByExample="false" enableSelectByExample="false" selectByExampleQueryId="false" />-->
<!--        <table tableName="tb_sku_attribute" domainObjectName="TbSkuAttribute" enableCountByExample="false" enableUpdateByExample="false" enableDeleteByExample="false" enableSelectByExample="false" selectByExampleQueryId="false" />-->
<!--        <table tableName="tb_attribute" domainObjectName="TbAttribute" enableCountByExample="false" enableUpdateByExample="false" enableDeleteByExample="false" enableSelectByExample="false" selectByExampleQueryId="false" />-->
<!--        <table tableName="tb_attribute_value" domainObjectName="TbAttributeValue" enableCountByExample="false" enableUpdateByExample="false" enableDeleteByExample="false" enableSelectByExample="false" selectByExampleQueryId="false" />-->
<!--        <table tableName="tb_post_classification" domainObjectName="TbPostClassification" enableCountByExample="false" enableUpdateByExample="false" enableDeleteByExample="false" enableSelectByExample="false" selectByExampleQueryId="false" />-->
<!--        <table tableName="tb_customer" domainObjectName="TbCustomer" enableCountByExample="false" enableUpdateByExample="false" enableDeleteByExample="false" enableSelectByExample="false" selectByExampleQueryId="false" />-->
<!--        <table tableName="tb_collect" domainObjectName="TbCollect" enableCountByExample="false" enableUpdateByExample="false" enableDeleteByExample="false" enableSelectByExample="false" selectByExampleQueryId="false" />-->
    </context>
</generatorConfiguration>
