<?xml version="1.0" encoding="UTF-8"?>
<!DOCTYPE mapper PUBLIC "-//mybatis.org//DTD Mapper 3.0//EN" "http://mybatis.org/dtd/mybatis-3-mapper.dtd">
<mapper namespace="online.buza.blog.dao.TbBlogCategoryMapper">
  <resultMap id="BaseResultMap" type="online.buza.blog.entity.TbBlogCategory">
    <id column="CATEGORY_ID" jdbcType="INTEGER" property="categoryId" />
    <result column="PARENT_CATEGORY_ID" jdbcType="INTEGER" property="parentCategoryId" />
    <result column="CATEGORY_NAME" jdbcType="VARCHAR" property="categoryName" />
    <result column="CATEGORY_TYPE" jdbcType="VARCHAR" property="categoryType" />
    <result column="SORT_ORDER" jdbcType="INTEGER" property="sortOrder" />
    <result column="STATUS" jdbcType="VARCHAR" property="status" />
    <result column="OPTION01" jdbcType="VARCHAR" property="option01" />
    <result column="OPTION02" jdbcType="VARCHAR" property="option02" />
    <result column="OPTION03" jdbcType="VARCHAR" property="option03" />
    <result column="OPTION04" jdbcType="VARCHAR" property="option04" />
    <result column="OPTION05" jdbcType="VARCHAR" property="option05" />
    <result column="CREATE_TIME" jdbcType="TIMESTAMP" property="createTime" />
    <result column="UPDATE_TIME" jdbcType="TIMESTAMP" property="updateTime" />
  </resultMap>
  <sql id="Base_Column_List">
    CATEGORY_ID, PARENT_CATEGORY_ID, CATEGORY_NAME, CATEGORY_TYPE, SORT_ORDER, `STATUS`, 
    OPTION01, OPTION02, OPTION03, OPTION04, OPTION05, CREATE_TIME, UPDATE_TIME
  </sql>
  <select id="selectByPrimaryKey" parameterType="java.lang.Integer" resultMap="BaseResultMap">
    select 
    <include refid="Base_Column_List" />
    from tb_blog_category
    where CATEGORY_ID = #{categoryId,jdbcType=INTEGER}
  </select>
  <delete id="deleteByPrimaryKey" parameterType="java.lang.Integer">
    delete from tb_blog_category
    where CATEGORY_ID = #{categoryId,jdbcType=INTEGER}
  </delete>
  <insert id="insert" parameterType="online.buza.blog.entity.TbBlogCategory">
    insert into tb_blog_category (CATEGORY_ID, PARENT_CATEGORY_ID, CATEGORY_NAME, 
      CATEGORY_TYPE, SORT_ORDER, `STATUS`, 
      OPTION01, OPTION02, OPTION03, 
      OPTION04, OPTION05, CREATE_TIME, 
      UPDATE_TIME)
    values (#{categoryId,jdbcType=INTEGER}, #{parentCategoryId,jdbcType=INTEGER}, #{categoryName,jdbcType=VARCHAR}, 
      #{categoryType,jdbcType=VARCHAR}, #{sortOrder,jdbcType=INTEGER}, #{status,jdbcType=VARCHAR}, 
      #{option01,jdbcType=VARCHAR}, #{option02,jdbcType=VARCHAR}, #{option03,jdbcType=VARCHAR}, 
      #{option04,jdbcType=VARCHAR}, #{option05,jdbcType=VARCHAR}, #{createTime,jdbcType=TIMESTAMP}, 
      #{updateTime,jdbcType=TIMESTAMP})
  </insert>
  <insert id="insertSelective" parameterType="online.buza.blog.entity.TbBlogCategory">
    insert into tb_blog_category
    <trim prefix="(" suffix=")" suffixOverrides=",">
      <if test="categoryId != null">
        CATEGORY_ID,
      </if>
      <if test="parentCategoryId != null">
        PARENT_CATEGORY_ID,
      </if>
      <if test="categoryName != null">
        CATEGORY_NAME,
      </if>
      <if test="categoryType != null">
        CATEGORY_TYPE,
      </if>
      <if test="sortOrder != null">
        SORT_ORDER,
      </if>
      <if test="status != null">
        `STATUS`,
      </if>
      <if test="option01 != null">
        OPTION01,
      </if>
      <if test="option02 != null">
        OPTION02,
      </if>
      <if test="option03 != null">
        OPTION03,
      </if>
      <if test="option04 != null">
        OPTION04,
      </if>
      <if test="option05 != null">
        OPTION05,
      </if>
      <if test="createTime != null">
        CREATE_TIME,
      </if>
      <if test="updateTime != null">
        UPDATE_TIME,
      </if>
    </trim>
    <trim prefix="values (" suffix=")" suffixOverrides=",">
      <if test="categoryId != null">
        #{categoryId,jdbcType=INTEGER},
      </if>
      <if test="parentCategoryId != null">
        #{parentCategoryId,jdbcType=INTEGER},
      </if>
      <if test="categoryName != null">
        #{categoryName,jdbcType=VARCHAR},
      </if>
      <if test="categoryType != null">
        #{categoryType,jdbcType=VARCHAR},
      </if>
      <if test="sortOrder != null">
        #{sortOrder,jdbcType=INTEGER},
      </if>
      <if test="status != null">
        #{status,jdbcType=VARCHAR},
      </if>
      <if test="option01 != null">
        #{option01,jdbcType=VARCHAR},
      </if>
      <if test="option02 != null">
        #{option02,jdbcType=VARCHAR},
      </if>
      <if test="option03 != null">
        #{option03,jdbcType=VARCHAR},
      </if>
      <if test="option04 != null">
        #{option04,jdbcType=VARCHAR},
      </if>
      <if test="option05 != null">
        #{option05,jdbcType=VARCHAR},
      </if>
      <if test="createTime != null">
        #{createTime,jdbcType=TIMESTAMP},
      </if>
      <if test="updateTime != null">
        #{updateTime,jdbcType=TIMESTAMP},
      </if>
    </trim>
  </insert>
  <update id="updateByPrimaryKeySelective" parameterType="online.buza.blog.entity.TbBlogCategory">
    update tb_blog_category
    <set>
      <if test="parentCategoryId != null">
        PARENT_CATEGORY_ID = #{parentCategoryId,jdbcType=INTEGER},
      </if>
      <if test="categoryName != null">
        CATEGORY_NAME = #{categoryName,jdbcType=VARCHAR},
      </if>
      <if test="categoryType != null">
        CATEGORY_TYPE = #{categoryType,jdbcType=VARCHAR},
      </if>
      <if test="sortOrder != null">
        SORT_ORDER = #{sortOrder,jdbcType=INTEGER},
      </if>
      <if test="status != null">
        `STATUS` = #{status,jdbcType=VARCHAR},
      </if>
      <if test="option01 != null">
        OPTION01 = #{option01,jdbcType=VARCHAR},
      </if>
      <if test="option02 != null">
        OPTION02 = #{option02,jdbcType=VARCHAR},
      </if>
      <if test="option03 != null">
        OPTION03 = #{option03,jdbcType=VARCHAR},
      </if>
      <if test="option04 != null">
        OPTION04 = #{option04,jdbcType=VARCHAR},
      </if>
      <if test="option05 != null">
        OPTION05 = #{option05,jdbcType=VARCHAR},
      </if>
      <if test="createTime != null">
        CREATE_TIME = #{createTime,jdbcType=TIMESTAMP},
      </if>
      <if test="updateTime != null">
        UPDATE_TIME = #{updateTime,jdbcType=TIMESTAMP},
      </if>
    </set>
    where CATEGORY_ID = #{categoryId,jdbcType=INTEGER}
  </update>
  <update id="updateByPrimaryKey" parameterType="online.buza.blog.entity.TbBlogCategory">
    update tb_blog_category
    set PARENT_CATEGORY_ID = #{parentCategoryId,jdbcType=INTEGER},
      CATEGORY_NAME = #{categoryName,jdbcType=VARCHAR},
      CATEGORY_TYPE = #{categoryType,jdbcType=VARCHAR},
      SORT_ORDER = #{sortOrder,jdbcType=INTEGER},
      `STATUS` = #{status,jdbcType=VARCHAR},
      OPTION01 = #{option01,jdbcType=VARCHAR},
      OPTION02 = #{option02,jdbcType=VARCHAR},
      OPTION03 = #{option03,jdbcType=VARCHAR},
      OPTION04 = #{option04,jdbcType=VARCHAR},
      OPTION05 = #{option05,jdbcType=VARCHAR},
      CREATE_TIME = #{createTime,jdbcType=TIMESTAMP},
      UPDATE_TIME = #{updateTime,jdbcType=TIMESTAMP}
    where CATEGORY_ID = #{categoryId,jdbcType=INTEGER}
  </update>
</mapper>