<?xml version="1.0" encoding="UTF-8"?>
<!DOCTYPE mapper PUBLIC "-//mybatis.org//DTD Mapper 3.0//EN" "http://mybatis.org/dtd/mybatis-3-mapper.dtd">
<mapper namespace="online.buza.blog.dao.TbClassificationMapper">
    <resultMap id="BaseResultMap" type="online.buza.blog.entity.TbClassification">
        <id column="CLASSIFICATION_ID" jdbcType="INTEGER" property="classificationId"/>
        <result column="PARENT_CLASSIFICATION_ID" jdbcType="INTEGER" property="parentClassificationId"/>
        <result column="CLASSIFICATION_NAME" jdbcType="VARCHAR" property="classificationName"/>
        <result column="CLASSIFICATION_TYPE" jdbcType="VARCHAR" property="classificationType"/>
        <result column="CLASSIFICATION_IMAGE" jdbcType="VARCHAR" property="classificationImage"/>
        <result column="SORT_ORDER" jdbcType="INTEGER" property="sortOrder"/>
        <result column="DEPTH_NUM" jdbcType="INTEGER" property="depthNum"/>
        <result column="STATUS" jdbcType="VARCHAR" property="status"/>
        <result column="OPTION01" jdbcType="VARCHAR" property="option01"/>
        <result column="OPTION02" jdbcType="VARCHAR" property="option02"/>
        <result column="OPTION03" jdbcType="VARCHAR" property="option03"/>
        <result column="OPTION04" jdbcType="VARCHAR" property="option04"/>
        <result column="OPTION05" jdbcType="VARCHAR" property="option05"/>
        <result column="CREATE_TIME" jdbcType="TIMESTAMP" property="createTime"/>
        <result column="UPDATE_TIME" jdbcType="TIMESTAMP" property="updateTime"/>
    </resultMap>
    <sql id="Base_Column_List">
        CLASSIFICATION_ID
        , PARENT_CLASSIFICATION_ID, CLASSIFICATION_NAME, CLASSIFICATION_TYPE,
    CLASSIFICATION_IMAGE, SORT_ORDER, DEPTH_NUM, `STATUS`, OPTION01, OPTION02, OPTION03, 
    OPTION04, OPTION05, CREATE_TIME, UPDATE_TIME
    </sql>
    <select id="selectByPrimaryKey" parameterType="java.lang.Integer" resultMap="BaseResultMap">
        select
        <include refid="Base_Column_List"/>
        from tb_classification
        where CLASSIFICATION_ID = #{classificationId,jdbcType=INTEGER}
    </select>
    <delete id="deleteByPrimaryKey" parameterType="java.lang.Integer">
        delete
        from tb_classification
        where CLASSIFICATION_ID = #{classificationId,jdbcType=INTEGER}
    </delete>
    <insert id="insert" parameterType="online.buza.blog.entity.TbClassification">
        insert into tb_classification (CLASSIFICATION_ID, PARENT_CLASSIFICATION_ID,
                                       CLASSIFICATION_NAME, CLASSIFICATION_TYPE,
                                       CLASSIFICATION_IMAGE, SORT_ORDER, DEPTH_NUM,
                                       `STATUS`, OPTION01, OPTION02,
                                       OPTION03, OPTION04, OPTION05,
                                       CREATE_TIME, UPDATE_TIME)
        values (#{classificationId,jdbcType=INTEGER}, #{parentClassificationId,jdbcType=INTEGER},
                #{classificationName,jdbcType=VARCHAR}, #{classificationType,jdbcType=VARCHAR},
                #{classificationImage,jdbcType=VARCHAR}, #{sortOrder,jdbcType=INTEGER}, #{depthNum,jdbcType=INTEGER},
                #{status,jdbcType=VARCHAR}, #{option01,jdbcType=VARCHAR}, #{option02,jdbcType=VARCHAR},
                #{option03,jdbcType=VARCHAR}, #{option04,jdbcType=VARCHAR}, #{option05,jdbcType=VARCHAR},
                #{createTime,jdbcType=TIMESTAMP}, #{updateTime,jdbcType=TIMESTAMP})
    </insert>
    <insert id="insertSelective" parameterType="online.buza.blog.entity.TbClassification">
        insert into tb_classification
        <trim prefix="(" suffix=")" suffixOverrides=",">
            <if test="classificationId != null">
                CLASSIFICATION_ID,
            </if>
            <if test="parentClassificationId != null">
                PARENT_CLASSIFICATION_ID,
            </if>
            <if test="classificationName != null">
                CLASSIFICATION_NAME,
            </if>
            <if test="classificationType != null">
                CLASSIFICATION_TYPE,
            </if>
            <if test="classificationImage != null">
                CLASSIFICATION_IMAGE,
            </if>
            <if test="sortOrder != null">
                SORT_ORDER,
            </if>
            <if test="depthNum != null">
                DEPTH_NUM,
            </if>
            <if test="status != null">
                `STATUS`,
            </if>
            <if test="option01 != null">
                OPTION01,
            </if>
            <if test="option02 != null">
                OPTION02,
            </if>
            <if test="option03 != null">
                OPTION03,
            </if>
            <if test="option04 != null">
                OPTION04,
            </if>
            <if test="option05 != null">
                OPTION05,
            </if>
            CREATE_TIME
        </trim>
        <trim prefix="values (" suffix=")" suffixOverrides=",">
            <if test="classificationId != null">
                #{classificationId,jdbcType=INTEGER},
            </if>
            <if test="parentClassificationId != null">
                #{parentClassificationId,jdbcType=INTEGER},
            </if>
            <if test="classificationName != null">
                #{classificationName,jdbcType=VARCHAR},
            </if>
            <if test="classificationType != null">
                #{classificationType,jdbcType=VARCHAR},
            </if>
            <if test="classificationImage != null">
                #{classificationImage,jdbcType=VARCHAR},
            </if>
            <if test="sortOrder != null">
                #{sortOrder,jdbcType=INTEGER},
            </if>
            <if test="depthNum != null">
                #{depthNum,jdbcType=INTEGER},
            </if>
            <if test="status != null">
                #{status,jdbcType=VARCHAR},
            </if>
            <if test="option01 != null">
                #{option01,jdbcType=VARCHAR},
            </if>
            <if test="option02 != null">
                #{option02,jdbcType=VARCHAR},
            </if>
            <if test="option03 != null">
                #{option03,jdbcType=VARCHAR},
            </if>
            <if test="option04 != null">
                #{option04,jdbcType=VARCHAR},
            </if>
            <if test="option05 != null">
                #{option05,jdbcType=VARCHAR},
            </if>
            now()
        </trim>
    </insert>
    <update id="updateByPrimaryKeySelective" parameterType="online.buza.blog.entity.TbClassification">
        update tb_classification
        <set>
            <if test="parentClassificationId != null">
                PARENT_CLASSIFICATION_ID = #{parentClassificationId,jdbcType=INTEGER},
            </if>
            <if test="classificationName != null">
                CLASSIFICATION_NAME = #{classificationName,jdbcType=VARCHAR},
            </if>
            <if test="classificationType != null">
                CLASSIFICATION_TYPE = #{classificationType,jdbcType=VARCHAR},
            </if>
            <if test="classificationImage != null">
                CLASSIFICATION_IMAGE = #{classificationImage,jdbcType=VARCHAR},
            </if>
            <if test="sortOrder != null">
                SORT_ORDER = #{sortOrder,jdbcType=INTEGER},
            </if>
            <if test="depthNum != null">
                DEPTH_NUM = #{depthNum,jdbcType=INTEGER},
            </if>
            <if test="status != null">
                `STATUS` = #{status,jdbcType=VARCHAR},
            </if>
            <if test="option01 != null">
                OPTION01 = #{option01,jdbcType=VARCHAR},
            </if>
            <if test="option02 != null">
                OPTION02 = #{option02,jdbcType=VARCHAR},
            </if>
            <if test="option03 != null">
                OPTION03 = #{option03,jdbcType=VARCHAR},
            </if>
            <if test="option04 != null">
                OPTION04 = #{option04,jdbcType=VARCHAR},
            </if>
            <if test="option05 != null">
                OPTION05 = #{option05,jdbcType=VARCHAR},
            </if>
            UPDATE_TIME = now()
        </set>
        where CLASSIFICATION_ID = #{classificationId,jdbcType=INTEGER}
    </update>
    <update id="updateByPrimaryKey" parameterType="online.buza.blog.entity.TbClassification">
        update tb_classification
        set PARENT_CLASSIFICATION_ID = #{parentClassificationId,jdbcType=INTEGER},
            CLASSIFICATION_NAME      = #{classificationName,jdbcType=VARCHAR},
            CLASSIFICATION_TYPE      = #{classificationType,jdbcType=VARCHAR},
            CLASSIFICATION_IMAGE     = #{classificationImage,jdbcType=VARCHAR},
            SORT_ORDER               = #{sortOrder,jdbcType=INTEGER},
            DEPTH_NUM                = #{depthNum,jdbcType=INTEGER},
            `STATUS`                 = #{status,jdbcType=VARCHAR},
            OPTION01                 = #{option01,jdbcType=VARCHAR},
            OPTION02                 = #{option02,jdbcType=VARCHAR},
            OPTION03                 = #{option03,jdbcType=VARCHAR},
            OPTION04                 = #{option04,jdbcType=VARCHAR},
            OPTION05                 = #{option05,jdbcType=VARCHAR},
            CREATE_TIME              = #{createTime,jdbcType=TIMESTAMP},
            UPDATE_TIME              = #{updateTime,jdbcType=TIMESTAMP}
        where CLASSIFICATION_ID = #{classificationId,jdbcType=INTEGER}
    </update>

    <select id="existClassificationName" parameterType="java.util.Map" resultType="java.lang.Integer">
        SELECT  1
        FROM    TB_CLASSIFICATION T1
        WHERE   EXISTS  (
                        SELECT  1
                        FROM    TB_CLASSIFICATION A1
                        WHERE   A1.CLASSIFICATION_ID = T1.CLASSIFICATION_ID
                        <if test="classificationId != null">
                            AND A1.CLASSIFICATION_ID != #{classificationId}
                        </if>
                        AND     A1.CLASSIFICATION_NAME = #{classificationName}
                        )
    </select>

    <select id="getAllTbClassificationList" parameterType="online.buza.blog.dto.TbClassificationDto" resultType="online.buza.blog.dto.TbClassificationDto">
        SELECT  ROW_NUMBER() OVER() AS RN
                ,T1.CLASSIFICATION_ID
                ,T1.CLASSIFICATION_NAME
                ,T1.PARENT_CLASSIFICATION_ID
                ,CASE WHEN T1.PARENT_CLASSIFICATION_ID = 0 THEN '-'
                    ELSE (
                            SELECT  A1.CLASSIFICATION_NAME
                            FROM    TB_CLASSIFICATION A1
                            WHERE   A1.CLASSIFICATION_ID = T1.PARENT_CLASSIFICATION_ID
                        ) end as PARENT_CLASSIFICATION_NAME
                ,T1.CLASSIFICATION_TYPE
                ,T1.CLASSIFICATION_IMAGE
                ,T1.SORT_ORDER
                ,T1.DEPTH_NUM
                ,T1.STATUS
                ,CASE WHEN T1.STATUS = 1 THEN '使用中' WHEN T1.STATUS = 0 THEN '禁用' ELSE '-' END AS STATUS_NAME
                ,T1.OPTION01
                ,T1.OPTION02
                ,T1.OPTION03
                ,T1.OPTION04
                ,T1.OPTION05
                ,DATE_FORMAT(T1.CREATE_TIME, '%Y-%m-%d %H:%i') AS CREATE_TIME
                ,DATE_FORMAT(T1.UPDATE_TIME, '%Y-%m-%d %H:%i') AS UPDATE_TIME
        FROM    TB_CLASSIFICATION T1
        ORDER BY T1.CREATE_TIME DESC
    </select>

    <select id="selectTbClassificationDtoByClassificationId" parameterType="java.lang.Integer" resultType="online.buza.blog.dto.TbClassificationDto">
        SELECT  T1.CLASSIFICATION_ID
                ,T1.PARENT_CLASSIFICATION_ID
                ,T1.CLASSIFICATION_NAME
                ,T1.CLASSIFICATION_TYPE
                ,T1.CLASSIFICATION_IMAGE
                ,T1.SORT_ORDER
                ,T1.DEPTH_NUM
                ,T1.STATUS
                ,CASE WHEN T1.STATUS = 1 THEN '使用中' WHEN T1.STATUS = 0 THEN '禁用' ELSE '-' END AS STATUS_NAME
                ,T1.OPTION01
                ,T1.OPTION02
                ,T1.OPTION03
                ,T1.OPTION04
                ,T1.OPTION05
                ,DATE_FORMAT(T1.CREATE_TIME, '%Y-%m-%d %H:%i') AS CREATE_TIME
                ,DATE_FORMAT(T1.UPDATE_TIME, '%Y-%m-%d %H:%i') AS UPDATE_TIME
        FROM    TB_CLASSIFICATION T1
        WHERE   T1.CLASSIFICATION_ID = #{classificationId}
    </select>

    <resultMap id="classificationTreeResultMap" type="online.buza.blog.dto.LabelDto">
        <id column="CLAS_ID" jdbcType="INTEGER" property="id"/>
        <result column="CLAS_NAME" jdbcType="VARCHAR" property="label"/>
        <result column="STATUS" jdbcType="VARCHAR" property="status"/>
        <result column="STATUS_NAME" jdbcType="VARCHAR" property="statusName"/>
        <collection property="children" ofType="online.buza.blog.dto.LabelDto">
            <id column="CHILD_CLAS_ID" jdbcType="INTEGER" property="id"/>
            <result column="CLAS_NAME" jdbcType="VARCHAR" property="label"/>
            <result column="STATUS" jdbcType="VARCHAR" property="status"/>
            <result column="STATUS_NAME" jdbcType="VARCHAR" property="statusName"/>
        </collection>
    </resultMap>
    <select id="getClassificationTree" parameterType="online.buza.blog.dto.ClassificationTreeDto" resultMap="classificationTreeResultMap">
        <![CDATA[
        SELECT 	Z1.CLAS_ID,
                Z1.CLAS_NAME,
                Z1.CHILD_CLAS_ID,
                Z1.PRENT_ID,
                Z1.SORT_ORDER,
                Z1.STATUS,
                CASE WHEN Z1.STATUS = 1 THEN '使用中' ELSE '未激活' END AS STATUS_NAME
        FROM	(
                SELECT  T1.CLASSIFICATION_ID AS CLAS_ID,
                        T1.CLASSIFICATION_NAME AS CLAS_NAME,
                        0 AS CHILD_CLAS_ID,
                        0 AS PRENT_ID,
                        T1.SORT_ORDER AS SORT_ORDER,
                        T1.STATUS
                FROM	TB_CLASSIFICATION T1
                WHERE	T1.PARENT_CLASSIFICATION_ID = 0
                AND		(IFNULL(#{classificationId}, '') = '' OR T1.CLASSIFICATION_ID = #{classificationId})
                UNION ALL
                SELECT	T1.CLASSIFICATION_ID AS CLAS_ID,
                          T2.CLASSIFICATION_NAME AS CLAS_NAME,
                          T2.CLASSIFICATION_ID AS CHILD_CLAS_ID,
                          T2.PARENT_CLASSIFICATION_ID AS PRENT_ID,
                          T2.SORT_ORDER AS SORT_ORDER,
                          T2.STATUS
                FROM	TB_CLASSIFICATION T1
                            INNER JOIN TB_CLASSIFICATION T2 ON T1.CLASSIFICATION_ID = T2.PARENT_CLASSIFICATION_ID
                WHERE	T2.PARENT_CLASSIFICATION_ID <> 0
                AND		(IFNULL(#{classificationId}, '') = '' OR T2.PARENT_CLASSIFICATION_ID = #{classificationId})
                GROUP BY T1.CLASSIFICATION_ID,T2.CLASSIFICATION_ID,T2.PARENT_CLASSIFICATION_ID
                ) Z1
        ORDER BY Z1.CLAS_ID,Z1.SORT_ORDER
        ]]>
    </select>

    <select id="getAllOneDepthClassification" parameterType="online.buza.blog.dto.TbClassificationDto" resultType="online.buza.blog.dto.TbClassificationDto">
        SELECT  *
        FROM    TB_CLASSIFICATION T1
        WHERE   T1.PARENT_CLASSIFICATION_ID = 0
    </select>

    <select id="getAllTwoDepthClassification" parameterType="online.buza.blog.dto.TbClassificationDto" resultType="online.buza.blog.dto.TbClassificationDto">
        SELECT  *
        FROM    TB_CLASSIFICATION T1
        WHERE   T1.PARENT_CLASSIFICATION_ID = #{parentClassificationId}
    </select>

</mapper>