<?xml version="1.0" encoding="UTF-8"?>
<!DOCTYPE mapper PUBLIC "-//mybatis.org//DTD Mapper 3.0//EN" "http://mybatis.org/dtd/mybatis-3-mapper.dtd">
<mapper namespace="online.buza.blog.dao.TbCollectMapper">
    <resultMap id="BaseResultMap" type="online.buza.blog.entity.TbCollect">
        <id column="COLLECT_ID" jdbcType="INTEGER" property="collectId"/>
        <result column="POST_ID" jdbcType="INTEGER" property="postId"/>
        <result column="ACTION_TYPE" jdbcType="VARCHAR" property="actionType"/>
        <result column="CUSTOMER_ID" jdbcType="INTEGER" property="customerId"/>
        <result column="OPTION01" jdbcType="VARCHAR" property="option01"/>
        <result column="OPTION02" jdbcType="VARCHAR" property="option02"/>
        <result column="OPTION03" jdbcType="VARCHAR" property="option03"/>
        <result column="OPTION04" jdbcType="VARCHAR" property="option04"/>
        <result column="OPTION05" jdbcType="VARCHAR" property="option05"/>
        <result column="CREATE_TIME" jdbcType="TIMESTAMP" property="createTime"/>
        <result column="UPDATE_TIME" jdbcType="TIMESTAMP" property="updateTime"/>
    </resultMap>
    <sql id="Base_Column_List">
        COLLECT_ID
        , ACTION_TYPE
        , POST_ID, CUSTOMER_ID, OPTION01, OPTION02, OPTION03, OPTION04, OPTION05,
    CREATE_TIME, UPDATE_TIME
    </sql>
    <select id="selectByPrimaryKey" parameterType="java.lang.Integer" resultMap="BaseResultMap">
        select
        <include refid="Base_Column_List"/>
        from tb_collect
        where COLLECT_ID = #{collectId,jdbcType=INTEGER}
    </select>
    <delete id="deleteByPrimaryKey" parameterType="java.lang.Integer">
        delete
        from tb_collect
        where COLLECT_ID = #{collectId,jdbcType=INTEGER}
    </delete>
    <insert id="insert" parameterType="online.buza.blog.entity.TbCollect">
        insert into tb_collect (COLLECT_ID, ACTION_TYPE, POST_ID, CUSTOMER_ID,
                                OPTION01, OPTION02, OPTION03,
                                OPTION04, OPTION05, CREATE_TIME,
                                UPDATE_TIME)
        values (#{collectId,jdbcType=INTEGER}, #{actionType,jdbcType=VARCHAR}, #{postId,jdbcType=INTEGER},
                #{customerId,jdbcType=INTEGER},
                #{option01,jdbcType=VARCHAR}, #{option02,jdbcType=VARCHAR}, #{option03,jdbcType=VARCHAR},
                #{option04,jdbcType=VARCHAR}, #{option05,jdbcType=VARCHAR}, #{createTime,jdbcType=TIMESTAMP},
                #{updateTime,jdbcType=TIMESTAMP})
    </insert>
    <insert id="insertSelective" parameterType="online.buza.blog.entity.TbCollect">
        insert into tb_collect
        <trim prefix="(" suffix=")" suffixOverrides=",">
            <if test="collectId != null">
                COLLECT_ID,
            </if>
            <if test="actionType != null">
                ACTION_TYPE,
            </if>
            <if test="postId != null">
                POST_ID,
            </if>
            <if test="customerId != null">
                CUSTOMER_ID,
            </if>
            <if test="option01 != null">
                OPTION01,
            </if>
            <if test="option02 != null">
                OPTION02,
            </if>
            <if test="option03 != null">
                OPTION03,
            </if>
            <if test="option04 != null">
                OPTION04,
            </if>
            <if test="option05 != null">
                OPTION05,
            </if>
            <if test="createTime != null">
                CREATE_TIME,
            </if>
            <if test="updateTime != null">
                UPDATE_TIME,
            </if>
        </trim>
        <trim prefix="values (" suffix=")" suffixOverrides=",">
            <if test="collectId != null">
                #{collectId,jdbcType=INTEGER},
            </if>
            <if test="actionType != null">
                #{actionType,jdbcType=VARCHAR},
            </if>
            <if test="postId != null">
                #{postId,jdbcType=INTEGER},
            </if>
            <if test="customerId != null">
                #{customerId,jdbcType=INTEGER},
            </if>
            <if test="option01 != null">
                #{option01,jdbcType=VARCHAR},
            </if>
            <if test="option02 != null">
                #{option02,jdbcType=VARCHAR},
            </if>
            <if test="option03 != null">
                #{option03,jdbcType=VARCHAR},
            </if>
            <if test="option04 != null">
                #{option04,jdbcType=VARCHAR},
            </if>
            <if test="option05 != null">
                #{option05,jdbcType=VARCHAR},
            </if>
            <if test="createTime != null">
                #{createTime,jdbcType=TIMESTAMP},
            </if>
            <if test="updateTime != null">
                #{updateTime,jdbcType=TIMESTAMP},
            </if>
        </trim>
    </insert>
    <update id="updateByPrimaryKeySelective" parameterType="online.buza.blog.entity.TbCollect">
        update tb_collect
        <set>
            <if test="actionType != null">
                ACTION_TYPE = #{actionType,jdbcType=VARCHAR},
            </if>
            <if test="postId != null">
                POST_ID = #{postId,jdbcType=INTEGER},
            </if>
            <if test="customerId != null">
                CUSTOMER_ID = #{customerId,jdbcType=INTEGER},
            </if>
            <if test="option01 != null">
                OPTION01 = #{option01,jdbcType=VARCHAR},
            </if>
            <if test="option02 != null">
                OPTION02 = #{option02,jdbcType=VARCHAR},
            </if>
            <if test="option03 != null">
                OPTION03 = #{option03,jdbcType=VARCHAR},
            </if>
            <if test="option04 != null">
                OPTION04 = #{option04,jdbcType=VARCHAR},
            </if>
            <if test="option05 != null">
                OPTION05 = #{option05,jdbcType=VARCHAR},
            </if>
            <if test="createTime != null">
                CREATE_TIME = #{createTime,jdbcType=TIMESTAMP},
            </if>
            <if test="updateTime != null">
                UPDATE_TIME = #{updateTime,jdbcType=TIMESTAMP},
            </if>
        </set>
        where COLLECT_ID = #{collectId,jdbcType=INTEGER}
    </update>
    <update id="updateByPrimaryKey" parameterType="online.buza.blog.entity.TbCollect">
        update tb_collect
        set ACTION_TYPE = #{actionType,jdbcType=VARCHAR},
            POST_ID     = #{postId,jdbcType=INTEGER},
            CUSTOMER_ID = #{customerId,jdbcType=INTEGER},
            OPTION01    = #{option01,jdbcType=VARCHAR},
            OPTION02    = #{option02,jdbcType=VARCHAR},
            OPTION03    = #{option03,jdbcType=VARCHAR},
            OPTION04    = #{option04,jdbcType=VARCHAR},
            OPTION05    = #{option05,jdbcType=VARCHAR},
            CREATE_TIME = #{createTime,jdbcType=TIMESTAMP},
            UPDATE_TIME = #{updateTime,jdbcType=TIMESTAMP}
        where COLLECT_ID = #{collectId,jdbcType=INTEGER}
    </update>

    <delete id="deleteCollectTypeByPostIdAndCustomerId" parameterType="online.buza.blog.dto.TbCollectDto">
        <![CDATA[
        DELETE
        FROM TB_COLLECT
        WHERE POST_ID = #{postId}
          AND CUSTOMER_ID = #{customerId}
        ]]>
    </delete>




</mapper>