<?xml version="1.0" encoding="UTF-8"?>
<!DOCTYPE mapper PUBLIC "-//mybatis.org//DTD Mapper 3.0//EN" "http://mybatis.org/dtd/mybatis-3-mapper.dtd">
<mapper namespace="online.buza.blog.dao.TbCommonCodeMapper">
    <resultMap id="BaseResultMap" type="online.buza.blog.entity.TbCommonCode">
        <id column="CODE_ID" jdbcType="INTEGER" property="codeId"/>
        <result column="CODE_TYPE" jdbcType="VARCHAR" property="codeType"/>
        <result column="CODE_CD" jdbcType="VARCHAR" property="codeCd"/>
        <result column="CODE_NAME" jdbcType="VARCHAR" property="codeName"/>
        <result column="USE_YN" jdbcType="VARCHAR" property="useYn"/>
        <result column="SORT" jdbcType="VARCHAR" property="sort"/>
        <result column="REMARK" jdbcType="VARCHAR" property="remark"/>
        <result column="OPTION01" jdbcType="VARCHAR" property="option01"/>
        <result column="OPTION02" jdbcType="VARCHAR" property="option02"/>
        <result column="OPTION03" jdbcType="VARCHAR" property="option03"/>
        <result column="OPTION04" jdbcType="VARCHAR" property="option04"/>
        <result column="OPTION05" jdbcType="VARCHAR" property="option05"/>
        <result column="CREATE_TIME" jdbcType="TIMESTAMP" property="createTime"/>
        <result column="UPDATE_TIME" jdbcType="TIMESTAMP" property="updateTime"/>
    </resultMap>
    <sql id="Base_Column_List">
        CODE_ID, CODE_CD, CODE_TYPE, CODE_NAME, USE_YN,
        SORT, REMARK, OPTION01, OPTION02, OPTION03,
        OPTION04, OPTION05, CREATE_TIME, UPDATE_TIME
    </sql>
    <select id="selectByPrimaryKey" parameterType="java.lang.Integer" resultMap="BaseResultMap">
        select
        <include refid="Base_Column_List"/>
        from tb_common_code
        where CODE_ID = #{codeId,jdbcType=INTEGER}
    </select>
    <delete id="deleteByPrimaryKey" parameterType="java.lang.Integer">
        delete
        from tb_common_code
        where CODE_ID = #{codeId,jdbcType=INTEGER}
    </delete>
    <insert id="insert" parameterType="online.buza.blog.entity.TbCommonCode">
        insert into tb_common_code (CODE_ID, CODE_TYPE,, CODE_CD
                                    CODE_NAME, USE_YN, SORT, REMARK,
                                    OPTION01, OPTION02, OPTION03,
                                    OPTION04, OPTION05, CREATE_TIME,
                                    UPDATE_TIME)
        values (#{codeId,jdbcType=VARCHAR}, #{codeType,jdbcType=VARCHAR}, #{codeCd,jdbcType=VARCHAR},
                #{codeName,jdbcType=VARCHAR}, #{useYn,jdbcType=VARCHAR}, #{sort,jdbcType=VARCHAR}, #{remark,jdbcType=VARCHAR},
                #{option01,jdbcType=VARCHAR}, #{option02,jdbcType=VARCHAR}, #{option03,jdbcType=VARCHAR},
                #{option04,jdbcType=VARCHAR}, #{option05,jdbcType=VARCHAR}, #{createTime,jdbcType=TIMESTAMP},
                #{updateTime,jdbcType=TIMESTAMP})
    </insert>
    <insert id="insertSelective" parameterType="online.buza.blog.entity.TbCommonCode">
        insert into tb_common_code
        <trim prefix="(" suffix=")" suffixOverrides=",">
            <if test="codeId != null">
                CODE_ID,
            </if>
            <if test="codeType != null">
                CODE_TYPE,
            </if>
            <if test="codeCd != null">
                CODE_CD,
            </if>
            <if test="codeName != null">
                CODE_NAME,
            </if>
            <if test="useYn != null">
                USE_YN,
            </if>
            <if test="sort != null">
                SORT,
            </if>
            <if test="remark != null">
                REMARK,
            </if>
            <if test="option01 != null">
                OPTION01,
            </if>
            <if test="option02 != null">
                OPTION02,
            </if>
            <if test="option03 != null">
                OPTION03,
            </if>
            <if test="option04 != null">
                OPTION04,
            </if>
            <if test="option05 != null">
                OPTION05,
            </if>
            CREATE_TIME
        </trim>
        <trim prefix="values (" suffix=")" suffixOverrides=",">
            <if test="codeId != null">
                #{codeId,jdbcType=INTEGER},
            </if>
            <if test="codeType != null">
                #{codeType,jdbcType=VARCHAR},
            </if>
            <if test="codeCd != null">
                #{codeCd,jdbcType=VARCHAR},
            </if>
            <if test="codeName != null">
                #{codeName,jdbcType=VARCHAR},
            </if>
            <if test="useYn != null">
                #{useYn,jdbcType=VARCHAR},
            </if>
            <if test="sort != null">
                #{sort,jdbcType=VARCHAR},
            </if>
            <if test="remark != null">
                #{remark,jdbcType=VARCHAR},
            </if>
            <if test="option01 != null">
                #{option01,jdbcType=VARCHAR},
            </if>
            <if test="option02 != null">
                #{option02,jdbcType=VARCHAR},
            </if>
            <if test="option03 != null">
                #{option03,jdbcType=VARCHAR},
            </if>
            <if test="option04 != null">
                #{option04,jdbcType=VARCHAR},
            </if>
            <if test="option05 != null">
                #{option05,jdbcType=VARCHAR},
            </if>
            now()
        </trim>
    </insert>
    <update id="updateByPrimaryKeySelective" parameterType="online.buza.blog.entity.TbCommonCode">
        update tb_common_code
        <set>
            <if test="codeType != null">
                CODE_TYPE = #{codeType,jdbcType=VARCHAR},
            </if>
            <if test="codeCd != null">
                CODE_CD = #{codeCd,jdbcType=VARCHAR},
            </if>
            <if test="codeName != null">
                CODE_NAME = #{codeName,jdbcType=VARCHAR},
            </if>
            <if test="useYn != null">
                USE_YN = #{useYn,jdbcType=VARCHAR},
            </if>
            <if test="sort != null">
                SORT = #{sort,jdbcType=VARCHAR},
            </if>
            <if test="remark != null">
                REMARK = #{remark,jdbcType=VARCHAR},
            </if>
            <if test="option01 != null">
                OPTION01 = #{option01,jdbcType=VARCHAR},
            </if>
            <if test="option02 != null">
                OPTION02 = #{option02,jdbcType=VARCHAR},
            </if>
            <if test="option03 != null">
                OPTION03 = #{option03,jdbcType=VARCHAR},
            </if>
            <if test="option04 != null">
                OPTION04 = #{option04,jdbcType=VARCHAR},
            </if>
            <if test="option05 != null">
                OPTION05 = #{option05,jdbcType=VARCHAR},
            </if>
            UPDATE_TIME = now()
        </set>
        where CODE_ID = #{codeId,jdbcType=INTEGER}
    </update>
    <update id="updateByPrimaryKey" parameterType="online.buza.blog.entity.TbCommonCode">
        update tb_common_code
        set CODE_TYPE  = #{codeType,jdbcType=VARCHAR},
            CODE_CD  = #{codeCd,jdbcType=VARCHAR},
            CODE_NAME  = #{codeName,jdbcType=VARCHAR},
            USE_YN     = #{useYn,jdbcType=VARCHAR},
            SORT       = #{sort,jdbcType=VARCHAR},
            REMARK       = #{remark,jdbcType=VARCHAR},
            OPTION01   = #{option01,jdbcType=VARCHAR},
            OPTION02   = #{option02,jdbcType=VARCHAR},
            OPTION03   = #{option03,jdbcType=VARCHAR},
            OPTION04   = #{option04,jdbcType=VARCHAR},
            OPTION05   = #{option05,jdbcType=VARCHAR},
            CREATE_TIME = #{createTime,jdbcType=TIMESTAMP},
            UPDATE_TIME = now()
        where CODE_ID = #{codeId,jdbcType=INTEGER}
    </update>

    <select id="getAllTbCommonCodeList" parameterType="online.buza.blog.dto.TbCommonCodeDto" resultType="online.buza.blog.dto.TbCommonCodeDto">
        <![CDATA[
        SELECT 	ROW_NUMBER() OVER() AS RN
                ,T1.CODE_ID
                ,T1.CODE_TYPE
                ,T1.CODE_CD
                ,T1.CODE_NAME
                ,T1.SORT
                ,T1.REMARK
                ,T1.USE_YN
                ,T1.USE_YN AS STATUS
                ,CASE WHEN T1.USE_YN = 1 THEN '使用中' WHEN T1.USE_YN = 0 THEN '禁用' ELSE '-' END AS STATUS_NAME
                ,T1.OPTION01
                ,T1.OPTION02
                ,T1.OPTION03
                ,T1.OPTION04
                ,T1.OPTION05
                ,DATE_FORMAT(T1.CREATE_TIME, '%Y-%m-%d %H:%i') AS CREATE_TIME
                ,DATE_FORMAT(T1.UPDATE_TIME, '%Y-%m-%d %H:%i') AS UPDATE_TIME
        FROM 	TB_COMMON_CODE T1
        ORDER BY CODE_TYPE,CODE_CD
        ]]>
    </select>

    <select id="getTbCommonCodeInfoByCodeId" parameterType="java.lang.Integer" resultType="online.buza.blog.dto.TbCommonCodeDto">
        <![CDATA[
        SELECT 	ROW_NUMBER() OVER() AS RN
                ,T1.CODE_ID
                ,T1.CODE_TYPE
                ,T1.CODE_CD
                ,T1.CODE_NAME
                ,T1.SORT
                ,T1.REMARK
                ,T1.USE_YN
                ,T1.USE_YN AS STATUS
                ,CASE WHEN T1.USE_YN = 1 THEN '使用中' WHEN T1.USE_YN = 0 THEN '禁用' ELSE '-' END AS STATUS_NAME
                ,T1.OPTION01
                ,T1.OPTION02
                ,T1.OPTION03
                ,T1.OPTION04
                ,T1.OPTION05
                ,DATE_FORMAT(T1.CREATE_TIME, '%Y-%m-%d %H:%i') AS CREATE_TIME
                ,DATE_FORMAT(T1.UPDATE_TIME, '%Y-%m-%d %H:%i') AS UPDATE_TIME
        FROM 	TB_COMMON_CODE T1
        WHERE   T1.CODE_ID = #{codeId}
        ]]>
    </select>

    <select id="lstTbCommonCodeByCodeType" parameterType="java.lang.String" resultType="online.buza.blog.dto.TbCommonCodeDto">
        <![CDATA[
        SELECT 	ROW_NUMBER() OVER() AS RN
                ,T1.CODE_ID
                ,T1.CODE_TYPE
                ,T1.CODE_CD
                ,T1.CODE_NAME
                ,T1.SORT
                ,T1.REMARK
                ,T1.USE_YN
                ,T1.USE_YN AS STATUS
                ,CASE WHEN T1.USE_YN = 1 THEN '使用中' WHEN T1.USE_YN = 0 THEN '禁用' ELSE '-' END AS STATUS_NAME
                ,T1.OPTION01
                ,T1.OPTION02
                ,T1.OPTION03
                ,T1.OPTION04
                ,T1.OPTION05
                ,DATE_FORMAT(T1.CREATE_TIME, '%Y-%m-%d %H:%i') AS CREATE_TIME
                ,DATE_FORMAT(T1.UPDATE_TIME, '%Y-%m-%d %H:%i') AS UPDATE_TIME
        FROM 	TB_COMMON_CODE T1
        WHERE   T1.CODE_TYPE = #{codeType}
        AND     T1.USE_YN = '1'
        ]]>
    </select>
</mapper>