<?xml version="1.0" encoding="UTF-8"?>
<!DOCTYPE mapper PUBLIC "-//mybatis.org//DTD Mapper 3.0//EN" "http://mybatis.org/dtd/mybatis-3-mapper.dtd">
<mapper namespace="online.buza.blog.dao.TbPostClassificationMapper">
  <resultMap id="BaseResultMap" type="online.buza.blog.entity.TbPostClassification">
    <id column="POST_CLASSIFICATION_ID" jdbcType="INTEGER" property="postClassificationId" />
    <result column="POST_ID" jdbcType="INTEGER" property="postId" />
    <result column="CLASSIFICATION_ID" jdbcType="INTEGER" property="classificationId" />
    <result column="SORT_ORDER" jdbcType="INTEGER" property="sortOrder" />
    <result column="OPTION01" jdbcType="VARCHAR" property="option01" />
    <result column="OPTION02" jdbcType="VARCHAR" property="option02" />
    <result column="OPTION03" jdbcType="VARCHAR" property="option03" />
    <result column="OPTION04" jdbcType="VARCHAR" property="option04" />
    <result column="OPTION05" jdbcType="VARCHAR" property="option05" />
    <result column="CREATE_TIME" jdbcType="TIMESTAMP" property="createTime" />
    <result column="UPDATE_TIME" jdbcType="TIMESTAMP" property="updateTime" />
  </resultMap>
  <sql id="Base_Column_List">
    POST_CLASSIFICATION_ID, POST_ID, CLASSIFICATION_ID, SORT_ORDER, OPTION01, OPTION02, 
    OPTION03, OPTION04, OPTION05, CREATE_TIME, UPDATE_TIME
  </sql>
  <select id="selectByPrimaryKey" parameterType="java.lang.Integer" resultMap="BaseResultMap">
    select 
    <include refid="Base_Column_List" />
    from tb_post_classification
    where POST_CLASSIFICATION_ID = #{postClassificationId,jdbcType=INTEGER}
  </select>
  <delete id="deleteByPrimaryKey" parameterType="java.lang.Integer">
    delete from tb_post_classification
    where POST_CLASSIFICATION_ID = #{postClassificationId,jdbcType=INTEGER}
  </delete>
  <insert id="insert" parameterType="online.buza.blog.entity.TbPostClassification">
    insert into tb_post_classification (POST_CLASSIFICATION_ID, POST_ID, CLASSIFICATION_ID, 
      SORT_ORDER, OPTION01, OPTION02, 
      OPTION03, OPTION04, OPTION05, 
      CREATE_TIME, UPDATE_TIME)
    values (#{postClassificationId,jdbcType=INTEGER}, #{postId,jdbcType=INTEGER}, #{classificationId,jdbcType=INTEGER}, 
      #{sortOrder,jdbcType=INTEGER}, #{option01,jdbcType=VARCHAR}, #{option02,jdbcType=VARCHAR}, 
      #{option03,jdbcType=VARCHAR}, #{option04,jdbcType=VARCHAR}, #{option05,jdbcType=VARCHAR}, 
      #{createTime,jdbcType=TIMESTAMP}, #{updateTime,jdbcType=TIMESTAMP})
  </insert>
  <insert id="insertSelective" parameterType="online.buza.blog.entity.TbPostClassification">
    insert into tb_post_classification
    <trim prefix="(" suffix=")" suffixOverrides=",">
      <if test="postClassificationId != null">
        POST_CLASSIFICATION_ID,
      </if>
      <if test="postId != null">
        POST_ID,
      </if>
      <if test="classificationId != null">
        CLASSIFICATION_ID,
      </if>
      <if test="sortOrder != null">
        SORT_ORDER,
      </if>
      <if test="option01 != null">
        OPTION01,
      </if>
      <if test="option02 != null">
        OPTION02,
      </if>
      <if test="option03 != null">
        OPTION03,
      </if>
      <if test="option04 != null">
        OPTION04,
      </if>
      <if test="option05 != null">
        OPTION05,
      </if>
      <if test="createTime != null">
        CREATE_TIME,
      </if>
      <if test="updateTime != null">
        UPDATE_TIME,
      </if>
    </trim>
    <trim prefix="values (" suffix=")" suffixOverrides=",">
      <if test="postClassificationId != null">
        #{postClassificationId,jdbcType=INTEGER},
      </if>
      <if test="postId != null">
        #{postId,jdbcType=INTEGER},
      </if>
      <if test="classificationId != null">
        #{classificationId,jdbcType=INTEGER},
      </if>
      <if test="sortOrder != null">
        #{sortOrder,jdbcType=INTEGER},
      </if>
      <if test="option01 != null">
        #{option01,jdbcType=VARCHAR},
      </if>
      <if test="option02 != null">
        #{option02,jdbcType=VARCHAR},
      </if>
      <if test="option03 != null">
        #{option03,jdbcType=VARCHAR},
      </if>
      <if test="option04 != null">
        #{option04,jdbcType=VARCHAR},
      </if>
      <if test="option05 != null">
        #{option05,jdbcType=VARCHAR},
      </if>
      <if test="createTime != null">
        #{createTime,jdbcType=TIMESTAMP},
      </if>
      <if test="updateTime != null">
        #{updateTime,jdbcType=TIMESTAMP},
      </if>
    </trim>
  </insert>
  <update id="updateByPrimaryKeySelective" parameterType="online.buza.blog.entity.TbPostClassification">
    update tb_post_classification
    <set>
      <if test="postId != null">
        POST_ID = #{postId,jdbcType=INTEGER},
      </if>
      <if test="classificationId != null">
        CLASSIFICATION_ID = #{classificationId,jdbcType=INTEGER},
      </if>
      <if test="sortOrder != null">
        SORT_ORDER = #{sortOrder,jdbcType=INTEGER},
      </if>
      <if test="option01 != null">
        OPTION01 = #{option01,jdbcType=VARCHAR},
      </if>
      <if test="option02 != null">
        OPTION02 = #{option02,jdbcType=VARCHAR},
      </if>
      <if test="option03 != null">
        OPTION03 = #{option03,jdbcType=VARCHAR},
      </if>
      <if test="option04 != null">
        OPTION04 = #{option04,jdbcType=VARCHAR},
      </if>
      <if test="option05 != null">
        OPTION05 = #{option05,jdbcType=VARCHAR},
      </if>
      <if test="createTime != null">
        CREATE_TIME = #{createTime,jdbcType=TIMESTAMP},
      </if>
      <if test="updateTime != null">
        UPDATE_TIME = #{updateTime,jdbcType=TIMESTAMP},
      </if>
    </set>
    where POST_CLASSIFICATION_ID = #{postClassificationId,jdbcType=INTEGER}
  </update>
  <update id="updateByPrimaryKey" parameterType="online.buza.blog.entity.TbPostClassification">
    update tb_post_classification
    set POST_ID = #{postId,jdbcType=INTEGER},
      CLASSIFICATION_ID = #{classificationId,jdbcType=INTEGER},
      SORT_ORDER = #{sortOrder,jdbcType=INTEGER},
      OPTION01 = #{option01,jdbcType=VARCHAR},
      OPTION02 = #{option02,jdbcType=VARCHAR},
      OPTION03 = #{option03,jdbcType=VARCHAR},
      OPTION04 = #{option04,jdbcType=VARCHAR},
      OPTION05 = #{option05,jdbcType=VARCHAR},
      CREATE_TIME = #{createTime,jdbcType=TIMESTAMP},
      UPDATE_TIME = #{updateTime,jdbcType=TIMESTAMP}
    where POST_CLASSIFICATION_ID = #{postClassificationId,jdbcType=INTEGER}
  </update>
</mapper>