<?xml version="1.0" encoding="UTF-8"?>
<!DOCTYPE mapper PUBLIC "-//mybatis.org//DTD Mapper 3.0//EN" "http://mybatis.org/dtd/mybatis-3-mapper.dtd">
<mapper namespace="online.buza.blog.dao.TbSkuAttributeMapper">
  <resultMap id="BaseResultMap" type="online.buza.blog.entity.TbSkuAttribute">
    <id column="SKU_ATTR_ID" jdbcType="INTEGER" property="skuAttrId" />
    <result column="SKU_ID" jdbcType="INTEGER" property="skuId" />
    <result column="ATTR_ID" jdbcType="INTEGER" property="attrId" />
    <result column="ATTR_VALUE_ID" jdbcType="INTEGER" property="attrValueId" />
    <result column="IS_MUST" jdbcType="VARCHAR" property="isMust" />
    <result column="IS_DEFAULT" jdbcType="VARCHAR" property="isDefault" />
    <result column="PRICE_PLUS" jdbcType="DECIMAL" property="pricePlus" />
    <result column="STATUS" jdbcType="VARCHAR" property="status" />
    <result column="OPTION01" jdbcType="VARCHAR" property="option01" />
    <result column="OPTION02" jdbcType="VARCHAR" property="option02" />
    <result column="OPTION03" jdbcType="VARCHAR" property="option03" />
    <result column="OPTION04" jdbcType="VARCHAR" property="option04" />
    <result column="OPTION05" jdbcType="VARCHAR" property="option05" />
    <result column="CREATE_TIME" jdbcType="TIMESTAMP" property="createTime" />
    <result column="UPDATE_TIME" jdbcType="TIMESTAMP" property="updateTime" />
  </resultMap>
  <sql id="Base_Column_List">
    SKU_ATTR_ID, SKU_ID, ATTR_ID, ATTR_VALUE_ID, IS_MUST, IS_DEFAULT, PRICE_PLUS, `STATUS`, 
    OPTION01, OPTION02, OPTION03, OPTION04, OPTION05, CREATE_TIME, UPDATE_TIME
  </sql>
  <select id="selectByPrimaryKey" parameterType="java.lang.Integer" resultMap="BaseResultMap">
    select 
    <include refid="Base_Column_List" />
    from tb_sku_attribute
    where SKU_ATTR_ID = #{skuAttrId,jdbcType=INTEGER}
  </select>
  <delete id="deleteByPrimaryKey" parameterType="java.lang.Integer">
    delete from tb_sku_attribute
    where SKU_ATTR_ID = #{skuAttrId,jdbcType=INTEGER}
  </delete>
  <insert id="insert" parameterType="online.buza.blog.entity.TbSkuAttribute">
    insert into tb_sku_attribute (SKU_ATTR_ID, SKU_ID, ATTR_ID, 
      ATTR_VALUE_ID, IS_MUST, IS_DEFAULT, 
      PRICE_PLUS, `STATUS`, OPTION01, 
      OPTION02, OPTION03, OPTION04, 
      OPTION05, CREATE_TIME, UPDATE_TIME
      )
    values (#{skuAttrId,jdbcType=INTEGER}, #{skuId,jdbcType=INTEGER}, #{attrId,jdbcType=INTEGER}, 
      #{attrValueId,jdbcType=INTEGER}, #{isMust,jdbcType=VARCHAR}, #{isDefault,jdbcType=VARCHAR}, 
      #{pricePlus,jdbcType=DECIMAL}, #{status,jdbcType=VARCHAR}, #{option01,jdbcType=VARCHAR}, 
      #{option02,jdbcType=VARCHAR}, #{option03,jdbcType=VARCHAR}, #{option04,jdbcType=VARCHAR}, 
      #{option05,jdbcType=VARCHAR}, #{createTime,jdbcType=TIMESTAMP}, #{updateTime,jdbcType=TIMESTAMP}
      )
  </insert>
  <insert id="insertSelective" parameterType="online.buza.blog.entity.TbSkuAttribute">
    insert into tb_sku_attribute
    <trim prefix="(" suffix=")" suffixOverrides=",">
      <if test="skuAttrId != null">
        SKU_ATTR_ID,
      </if>
      <if test="skuId != null">
        SKU_ID,
      </if>
      <if test="attrId != null">
        ATTR_ID,
      </if>
      <if test="attrValueId != null">
        ATTR_VALUE_ID,
      </if>
      <if test="isMust != null">
        IS_MUST,
      </if>
      <if test="isDefault != null">
        IS_DEFAULT,
      </if>
      <if test="pricePlus != null">
        PRICE_PLUS,
      </if>
      <if test="status != null">
        `STATUS`,
      </if>
      <if test="option01 != null">
        OPTION01,
      </if>
      <if test="option02 != null">
        OPTION02,
      </if>
      <if test="option03 != null">
        OPTION03,
      </if>
      <if test="option04 != null">
        OPTION04,
      </if>
      <if test="option05 != null">
        OPTION05,
      </if>
      <if test="createTime != null">
        CREATE_TIME,
      </if>
      <if test="updateTime != null">
        UPDATE_TIME,
      </if>
    </trim>
    <trim prefix="values (" suffix=")" suffixOverrides=",">
      <if test="skuAttrId != null">
        #{skuAttrId,jdbcType=INTEGER},
      </if>
      <if test="skuId != null">
        #{skuId,jdbcType=INTEGER},
      </if>
      <if test="attrId != null">
        #{attrId,jdbcType=INTEGER},
      </if>
      <if test="attrValueId != null">
        #{attrValueId,jdbcType=INTEGER},
      </if>
      <if test="isMust != null">
        #{isMust,jdbcType=VARCHAR},
      </if>
      <if test="isDefault != null">
        #{isDefault,jdbcType=VARCHAR},
      </if>
      <if test="pricePlus != null">
        #{pricePlus,jdbcType=DECIMAL},
      </if>
      <if test="status != null">
        #{status,jdbcType=VARCHAR},
      </if>
      <if test="option01 != null">
        #{option01,jdbcType=VARCHAR},
      </if>
      <if test="option02 != null">
        #{option02,jdbcType=VARCHAR},
      </if>
      <if test="option03 != null">
        #{option03,jdbcType=VARCHAR},
      </if>
      <if test="option04 != null">
        #{option04,jdbcType=VARCHAR},
      </if>
      <if test="option05 != null">
        #{option05,jdbcType=VARCHAR},
      </if>
      <if test="createTime != null">
        #{createTime,jdbcType=TIMESTAMP},
      </if>
      <if test="updateTime != null">
        #{updateTime,jdbcType=TIMESTAMP},
      </if>
    </trim>
  </insert>
  <update id="updateByPrimaryKeySelective" parameterType="online.buza.blog.entity.TbSkuAttribute">
    update tb_sku_attribute
    <set>
      <if test="skuId != null">
        SKU_ID = #{skuId,jdbcType=INTEGER},
      </if>
      <if test="attrId != null">
        ATTR_ID = #{attrId,jdbcType=INTEGER},
      </if>
      <if test="attrValueId != null">
        ATTR_VALUE_ID = #{attrValueId,jdbcType=INTEGER},
      </if>
      <if test="isMust != null">
        IS_MUST = #{isMust,jdbcType=VARCHAR},
      </if>
      <if test="isDefault != null">
        IS_DEFAULT = #{isDefault,jdbcType=VARCHAR},
      </if>
      <if test="pricePlus != null">
        PRICE_PLUS = #{pricePlus,jdbcType=DECIMAL},
      </if>
      <if test="status != null">
        `STATUS` = #{status,jdbcType=VARCHAR},
      </if>
      <if test="option01 != null">
        OPTION01 = #{option01,jdbcType=VARCHAR},
      </if>
      <if test="option02 != null">
        OPTION02 = #{option02,jdbcType=VARCHAR},
      </if>
      <if test="option03 != null">
        OPTION03 = #{option03,jdbcType=VARCHAR},
      </if>
      <if test="option04 != null">
        OPTION04 = #{option04,jdbcType=VARCHAR},
      </if>
      <if test="option05 != null">
        OPTION05 = #{option05,jdbcType=VARCHAR},
      </if>
      <if test="createTime != null">
        CREATE_TIME = #{createTime,jdbcType=TIMESTAMP},
      </if>
      <if test="updateTime != null">
        UPDATE_TIME = #{updateTime,jdbcType=TIMESTAMP},
      </if>
    </set>
    where SKU_ATTR_ID = #{skuAttrId,jdbcType=INTEGER}
  </update>
  <update id="updateByPrimaryKey" parameterType="online.buza.blog.entity.TbSkuAttribute">
    update tb_sku_attribute
    set SKU_ID = #{skuId,jdbcType=INTEGER},
      ATTR_ID = #{attrId,jdbcType=INTEGER},
      ATTR_VALUE_ID = #{attrValueId,jdbcType=INTEGER},
      IS_MUST = #{isMust,jdbcType=VARCHAR},
      IS_DEFAULT = #{isDefault,jdbcType=VARCHAR},
      PRICE_PLUS = #{pricePlus,jdbcType=DECIMAL},
      `STATUS` = #{status,jdbcType=VARCHAR},
      OPTION01 = #{option01,jdbcType=VARCHAR},
      OPTION02 = #{option02,jdbcType=VARCHAR},
      OPTION03 = #{option03,jdbcType=VARCHAR},
      OPTION04 = #{option04,jdbcType=VARCHAR},
      OPTION05 = #{option05,jdbcType=VARCHAR},
      CREATE_TIME = #{createTime,jdbcType=TIMESTAMP},
      UPDATE_TIME = #{updateTime,jdbcType=TIMESTAMP}
    where SKU_ATTR_ID = #{skuAttrId,jdbcType=INTEGER}
  </update>
</mapper>