<?xml version="1.0" encoding="UTF-8"?>
<!DOCTYPE mapper PUBLIC "-//mybatis.org//DTD Mapper 3.0//EN" "http://mybatis.org/dtd/mybatis-3-mapper.dtd">
<mapper namespace="online.buza.blog.dao.TbSpuAttributeMapper">
  <resultMap id="BaseResultMap" type="online.buza.blog.entity.TbSpuAttribute">
    <id column="SPU_ATTR_ID" jdbcType="INTEGER" property="spuAttrId" />
    <result column="SPU_ID" jdbcType="INTEGER" property="spuId" />
    <result column="ATTR_ID" jdbcType="INTEGER" property="attrId" />
    <result column="STATUS" jdbcType="VARCHAR" property="status" />
    <result column="OPTION01" jdbcType="VARCHAR" property="option01" />
    <result column="OPTION02" jdbcType="VARCHAR" property="option02" />
    <result column="OPTION03" jdbcType="VARCHAR" property="option03" />
    <result column="OPTION04" jdbcType="VARCHAR" property="option04" />
    <result column="OPTION05" jdbcType="VARCHAR" property="option05" />
    <result column="CREATE_TIME" jdbcType="TIMESTAMP" property="createTime" />
    <result column="UPDATE_TIME" jdbcType="TIMESTAMP" property="updateTime" />
  </resultMap>
  <sql id="Base_Column_List">
    SPU_ATTR_ID, SPU_ID, ATTR_ID, `STATUS`, OPTION01, OPTION02, OPTION03, OPTION04, OPTION05, 
    CREATE_TIME, UPDATE_TIME
  </sql>
  <select id="selectByPrimaryKey" parameterType="java.lang.Integer" resultMap="BaseResultMap">
    select 
    <include refid="Base_Column_List" />
    from tb_spu_attribute
    where SPU_ATTR_ID = #{spuAttrId,jdbcType=INTEGER}
  </select>
  <delete id="deleteByPrimaryKey" parameterType="java.lang.Integer">
    delete from tb_spu_attribute
    where SPU_ATTR_ID = #{spuAttrId,jdbcType=INTEGER}
  </delete>
  <insert id="insert" parameterType="online.buza.blog.entity.TbSpuAttribute">
    insert into tb_spu_attribute (SPU_ATTR_ID, SPU_ID, ATTR_ID, 
      `STATUS`, OPTION01, OPTION02, 
      OPTION03, OPTION04, OPTION05, 
      CREATE_TIME, UPDATE_TIME)
    values (#{spuAttrId,jdbcType=INTEGER}, #{spuId,jdbcType=INTEGER}, #{attrId,jdbcType=INTEGER}, 
      #{status,jdbcType=VARCHAR}, #{option01,jdbcType=VARCHAR}, #{option02,jdbcType=VARCHAR}, 
      #{option03,jdbcType=VARCHAR}, #{option04,jdbcType=VARCHAR}, #{option05,jdbcType=VARCHAR}, 
      #{createTime,jdbcType=TIMESTAMP}, #{updateTime,jdbcType=TIMESTAMP})
  </insert>
  <insert id="insertSelective" parameterType="online.buza.blog.entity.TbSpuAttribute">
    insert into tb_spu_attribute
    <trim prefix="(" suffix=")" suffixOverrides=",">
      <if test="spuAttrId != null">
        SPU_ATTR_ID,
      </if>
      <if test="spuId != null">
        SPU_ID,
      </if>
      <if test="attrId != null">
        ATTR_ID,
      </if>
      <if test="status != null">
        `STATUS`,
      </if>
      <if test="option01 != null">
        OPTION01,
      </if>
      <if test="option02 != null">
        OPTION02,
      </if>
      <if test="option03 != null">
        OPTION03,
      </if>
      <if test="option04 != null">
        OPTION04,
      </if>
      <if test="option05 != null">
        OPTION05,
      </if>
      <if test="createTime != null">
        CREATE_TIME,
      </if>
      <if test="updateTime != null">
        UPDATE_TIME,
      </if>
    </trim>
    <trim prefix="values (" suffix=")" suffixOverrides=",">
      <if test="spuAttrId != null">
        #{spuAttrId,jdbcType=INTEGER},
      </if>
      <if test="spuId != null">
        #{spuId,jdbcType=INTEGER},
      </if>
      <if test="attrId != null">
        #{attrId,jdbcType=INTEGER},
      </if>
      <if test="status != null">
        #{status,jdbcType=VARCHAR},
      </if>
      <if test="option01 != null">
        #{option01,jdbcType=VARCHAR},
      </if>
      <if test="option02 != null">
        #{option02,jdbcType=VARCHAR},
      </if>
      <if test="option03 != null">
        #{option03,jdbcType=VARCHAR},
      </if>
      <if test="option04 != null">
        #{option04,jdbcType=VARCHAR},
      </if>
      <if test="option05 != null">
        #{option05,jdbcType=VARCHAR},
      </if>
      <if test="createTime != null">
        #{createTime,jdbcType=TIMESTAMP},
      </if>
      <if test="updateTime != null">
        #{updateTime,jdbcType=TIMESTAMP},
      </if>
    </trim>
  </insert>
  <update id="updateByPrimaryKeySelective" parameterType="online.buza.blog.entity.TbSpuAttribute">
    update tb_spu_attribute
    <set>
      <if test="spuId != null">
        SPU_ID = #{spuId,jdbcType=INTEGER},
      </if>
      <if test="attrId != null">
        ATTR_ID = #{attrId,jdbcType=INTEGER},
      </if>
      <if test="status != null">
        `STATUS` = #{status,jdbcType=VARCHAR},
      </if>
      <if test="option01 != null">
        OPTION01 = #{option01,jdbcType=VARCHAR},
      </if>
      <if test="option02 != null">
        OPTION02 = #{option02,jdbcType=VARCHAR},
      </if>
      <if test="option03 != null">
        OPTION03 = #{option03,jdbcType=VARCHAR},
      </if>
      <if test="option04 != null">
        OPTION04 = #{option04,jdbcType=VARCHAR},
      </if>
      <if test="option05 != null">
        OPTION05 = #{option05,jdbcType=VARCHAR},
      </if>
      <if test="createTime != null">
        CREATE_TIME = #{createTime,jdbcType=TIMESTAMP},
      </if>
      <if test="updateTime != null">
        UPDATE_TIME = #{updateTime,jdbcType=TIMESTAMP},
      </if>
    </set>
    where SPU_ATTR_ID = #{spuAttrId,jdbcType=INTEGER}
  </update>
  <update id="updateByPrimaryKey" parameterType="online.buza.blog.entity.TbSpuAttribute">
    update tb_spu_attribute
    set SPU_ID = #{spuId,jdbcType=INTEGER},
      ATTR_ID = #{attrId,jdbcType=INTEGER},
      `STATUS` = #{status,jdbcType=VARCHAR},
      OPTION01 = #{option01,jdbcType=VARCHAR},
      OPTION02 = #{option02,jdbcType=VARCHAR},
      OPTION03 = #{option03,jdbcType=VARCHAR},
      OPTION04 = #{option04,jdbcType=VARCHAR},
      OPTION05 = #{option05,jdbcType=VARCHAR},
      CREATE_TIME = #{createTime,jdbcType=TIMESTAMP},
      UPDATE_TIME = #{updateTime,jdbcType=TIMESTAMP}
    where SPU_ATTR_ID = #{spuAttrId,jdbcType=INTEGER}
  </update>
</mapper>