<?xml version="1.0" encoding="UTF-8"?>
<!DOCTYPE mapper PUBLIC "-//mybatis.org//DTD Mapper 3.0//EN" "http://mybatis.org/dtd/mybatis-3-mapper.dtd">
<mapper namespace="online.buza.blog.dao.TbTagMapper">
  <resultMap id="BaseResultMap" type="online.buza.blog.entity.TbTag">
    <id column="TAG_ID" jdbcType="INTEGER" property="tagId" />
    <result column="TAG_NAME" jdbcType="VARCHAR" property="tagName" />
  </resultMap>
  <sql id="Base_Column_List">
    TAG_ID, TAG_NAME
  </sql>
  <select id="selectByPrimaryKey" parameterType="java.lang.Integer" resultMap="BaseResultMap">
    select 
    <include refid="Base_Column_List" />
    from tb_tag
    where TAG_ID = #{tagId,jdbcType=INTEGER}
  </select>
  <delete id="deleteByPrimaryKey" parameterType="java.lang.Integer">
    delete from tb_tag
    where TAG_ID = #{tagId,jdbcType=INTEGER}
  </delete>
  <insert id="insert" parameterType="online.buza.blog.entity.TbTag">
    insert into tb_tag (TAG_ID, TAG_NAME)
    values (#{tagId,jdbcType=INTEGER}, #{tagName,jdbcType=VARCHAR})
  </insert>
  <insert id="insertSelective" parameterType="online.buza.blog.entity.TbTag">
    insert into tb_tag
    <trim prefix="(" suffix=")" suffixOverrides=",">
      <if test="tagId != null">
        TAG_ID,
      </if>
      <if test="tagName != null">
        TAG_NAME,
      </if>
    </trim>
    <trim prefix="values (" suffix=")" suffixOverrides=",">
      <if test="tagId != null">
        #{tagId,jdbcType=INTEGER},
      </if>
      <if test="tagName != null">
        #{tagName,jdbcType=VARCHAR},
      </if>
    </trim>
  </insert>
  <update id="updateByPrimaryKeySelective" parameterType="online.buza.blog.entity.TbTag">
    update tb_tag
    <set>
      <if test="tagName != null">
        TAG_NAME = #{tagName,jdbcType=VARCHAR},
      </if>
    </set>
    where TAG_ID = #{tagId,jdbcType=INTEGER}
  </update>
  <update id="updateByPrimaryKey" parameterType="online.buza.blog.entity.TbTag">
    update tb_tag
    set TAG_NAME = #{tagName,jdbcType=VARCHAR}
    where TAG_ID = #{tagId,jdbcType=INTEGER}
  </update>
</mapper>